Time,Temp,RH,Pres,CO2,VOC,PM1,PM25,PM10

2024_07_09 - 05:56:38 PM,28.17,43.51,887.53,565.02,0.50,18.00,28.00,0

2024_07_09 - 05:57:38 PM,28.39,42.76,887.59,573.76,0.50,14.00,24.00,34.00

2024_07_09 - 05:58:38 PM,28.48,42.21,887.62,567.97,0.52,14.00,22.00,32.00

2024_07_09 - 05:59:39 PM,28.62,41.96,887.59,579.86,0.50,8.00,22.00,32.00

2024_07_09 - 06:00:39 PM,28.75,41.52,887.69,592.53,0.50,8.00,22.00,32.00

2024_07_09 - 06:01:39 PM,28.87,41.33,887.54,609.93,0.50,8.00,18.00,28.00

2024_07_09 - 06:02:39 PM,28.87,41.33,887.60,609.93,0.51,10.00,20.00,30.00

2024_07_09 - 06:03:40 PM,28.96,41.14,887.70,627.63,0.50,12.00,26.00,38.00

2024_07_09 - 06:04:40 PM,29.03,41.12,887.56,643.23,0.50,10.00,26.00,42.00

2024_07_09 - 06:05:40 PM,28.99,41.19,887.61,639.98,0.53,12.00,24.00,34.00

2024_07_09 - 06:06:41 PM,29.03,41.12,887.56,633.78,0.52,12.00,22.00,32.00

2024_07_09 - 06:07:41 PM,28.95,41.53,887.58,642.58,0.52,4.00,12.00,22.00

2024_07_09 - 06:08:41 PM,28.99,40.67,887.64,636.53,0.51,8.00,16.00,26.00

2024_07_09 - 06:09:41 PM,29.06,40.64,887.47,633.28,0.50,16.00,28.00,38.00

2024_07_09 - 06:10:42 PM,28.99,40.69,887.59,639.69,0.48,8.00,20.00,32.00

2024_07_09 - 06:11:42 PM,29.02,41.15,887.59,644.32,0.50,16.00,26.00,38.00

2024_07_09 - 06:12:42 PM,28.98,41.25,887.53,650.81,0.50,8.00,22.00,32.00

2024_07_09 - 06:13:43 PM,28.98,41.25,887.63,650.81,0.52,16.00,24.00,36.00

2024_07_09 - 06:14:43 PM,28.95,41.12,887.74,644.84,0.51,16.00,24.00,44.00

2024_07_09 - 06:15:43 PM,28.92,41.15,887.80,650.11,0.52,10.00,18.00,28.00

2024_07_09 - 06:16:43 PM,28.98,40.77,887.74,645.35,0.50,10.00,18.00,28.00

2024_07_09 - 06:17:44 PM,29.02,41.13,887.41,644.85,0.51,10.00,20.00,30.00

2024_07_09 - 06:18:44 PM,29.02,40.79,887.50,653.37,0.51,12.00,20.00,30.00

2024_07_09 - 06:19:44 PM,29.01,40.52,887.55,644.69,0.51,6.00,20.00,30.00

2024_07_09 - 06:20:45 PM,29.05,40.82,887.69,646.33,0.51,10.00,26.00,36.00

2024_07_09 - 06:21:45 PM,29.03,40.98,887.71,645.35,0.51,10.00,16.00,28.00

2024_07_09 - 06:22:45 PM,28.96,41.09,887.51,643.99,0.51,10.00,24.00,34.00

2024_07_09 - 06:23:45 PM,28.98,41.07,887.44,649.35,0.52,10.00,22.00,32.00

2024_07_09 - 06:24:46 PM,28.98,41.07,887.70,649.35,0.54,14.00,24.00,50.00

2024_07_09 - 06:25:46 PM,29.03,40.74,887.61,640.97,0.52,12.00,20.00,32.00

2024_07_09 - 06:26:46 PM,28.95,40.87,887.64,627.66,0.51,8.00,20.00,30.00

2024_07_09 - 06:27:47 PM,29.07,40.92,887.38,631.38,0.51,8.00,18.00,28.00

2024_07_09 - 06:28:47 PM,29.14,41.31,887.71,648.39,0.50,10.00,26.00,36.00

2024_07_09 - 06:29:47 PM,28.98,40.72,887.57,623.58,0.52,12.00,20.00,30.00

2024_07_09 - 06:30:47 PM,29.01,41.00,887.74,614.55,0.51,14.00,26.00,38.00

2024_07_09 - 06:31:48 PM,28.99,40.90,887.71,594.84,0.50,16.00,26.00,36.00

2024_07_09 - 06:32:48 PM,29.06,40.93,887.65,586.41,0.50,10.00,18.00,28.00

2024_07_09 - 06:33:48 PM,28.95,41.34,887.53,575.91,0.51,14.00,26.00,36.00

2024_07_09 - 06:34:49 PM,28.94,41.09,887.63,573.35,0.51,12.00,28.00,38.00

2024_07_09 - 06:35:49 PM,28.94,41.09,887.64,573.35,0.50,10.00,18.00,28.00

2024_07_09 - 06:36:49 PM,28.91,41.51,887.57,583.23,0.52,10.00,24.00,34.00

2024_07_09 - 06:37:49 PM,28.94,41.27,887.35,571.60,0.51,10.00,18.00,28.00

2024_07_09 - 06:38:50 PM,29.06,41.31,887.39,571.65,0.50,12.00,20.00,32.00

2024_07_09 - 06:39:50 PM,28.95,41.24,887.42,574.40,0.50,10.00,24.00,34.00

2024_07_09 - 06:40:50 PM,29.10,41.41,887.47,600.09,0.50,12.00,20.00,30.00

2024_07_09 - 06:41:51 PM,29.12,41.58,887.50,606.62,0.50,12.00,26.00,36.00

2024_07_09 - 06:42:51 PM,29.10,41.39,887.46,623.35,0.53,14.00,26.00,36.00

2024_07_09 - 06:43:51 PM,29.17,41.35,887.37,635.55,0.54,6.00,18.00,28.00

2024_07_09 - 06:44:51 PM,29.01,41.62,887.37,628.52,0.52,6.00,18.00,28.00

2024_07_09 - 06:45:52 PM,29.01,41.62,887.64,628.52,0.51,8.00,22.00,32.00

2024_07_09 - 06:46:52 PM,28.96,41.66,887.60,617.09,0.52,8.00,18.00,28.00

2024_07_09 - 06:47:52 PM,28.98,41.51,887.49,606.85,0.50,20.00,28.00,38.00

2024_07_09 - 06:48:53 PM,28.92,41.59,887.46,581.67,0.51,8.00,24.00,34.00

2024_07_09 - 06:49:53 PM,28.87,42.34,887.48,600.10,0.52,14.00,26.00,36.00

2024_07_09 - 06:50:53 PM,28.87,41.79,887.46,521.42,0.54,4.00,12.00,22.00

2024_07_09 - 06:51:53 PM,29.05,42.01,887.39,634.73,0.50,10.00,26.00,36.00

2024_07_09 - 06:52:54 PM,28.92,41.84,887.25,636.26,0.54,6.00,16.00,26.00

2024_07_09 - 06:53:54 PM,28.98,41.81,887.26,627.27,0.52,6.00,14.00,26.00

2024_07_09 - 06:54:54 PM,28.95,41.87,887.68,610.64,0.50,12.00,24.00,36.00

2024_07_09 - 06:55:55 PM,28.99,41.94,887.42,617.95,0.52,12.00,20.00,32.00

2024_07_09 - 06:56:57 PM,28.99,41.94,887.41,617.95,0.52,8.00,18.00,38.00

2024_07_09 - 11:20:10 PM,27.66,47.74,886.78,703.47,6.52,14.00,24.00,34.00

2024_07_09 - 11:21:11 PM,27.78,47.20,886.81,731.21,6.74,10.00,20.00,30.00

2024_07_09 - 11:22:12 PM,27.78,47.20,886.75,731.21,6.89,10.00,26.00,36.00

2024_07_09 - 11:23:12 PM,27.72,47.38,886.78,703.03,6.88,8.00,20.00,30.00

2024_07_09 - 11:24:12 PM,27.60,46.81,886.80,667.73,7.79,12.00,24.00,34.00

2024_07_09 - 11:25:13 PM,27.48,47.00,886.75,643.58,10.01,8.00,22.00,32.00

2024_07_09 - 11:26:13 PM,27.48,47.04,886.78,644.53,11.66,18.00,30.00,40.00

2024_07_09 - 11:27:13 PM,27.39,47.31,886.76,654.45,13.06,14.00,24.00,34.00

2024_07_09 - 11:28:13 PM,27.36,47.35,886.74,637.76,14.12,10.00,18.00,36.00

2024_07_09 - 11:29:14 PM,27.34,47.50,886.76,628.99,15.25,16.00,28.00,38.00

2024_07_09 - 11:30:14 PM,27.43,47.34,886.76,630.64,15.98,8.00,18.00,30.00

2024_07_09 - 11:31:13 PM,27.53,47.07,886.77,638.74,16.51,14.00,22.00,32.00

2024_07_09 - 11:32:15 PM,27.41,47.28,886.73,637.07,17.11,12.00,28.00,38.00

2024_07_09 - 11:33:15 PM,27.41,47.28,886.72,637.07,17.47,8.00,18.00,28.00

2024_07_09 - 11:34:15 PM,27.43,46.89,886.72,630.30,17.81,8.00,20.00,40.00

2024_07_09 - 11:35:15 PM,27.36,47.30,886.66,637.33,18.31,10.00,28.00,38.00

2024_07_09 - 11:36:16 PM,27.30,47.33,886.73,628.07,17.90,12.00,22.00,32.00

2024_07_09 - 11:37:16 PM,27.30,47.32,886.69,626.41,17.21,10.00,18.00,28.00

2024_07_09 - 11:38:16 PM,27.41,47.19,886.68,632.07,17.36,10.00,20.00,30.00

2024_07_09 - 11:39:17 PM,27.34,47.25,886.64,627.02,17.39,16.00,24.00,34.00

2024_07_09 - 11:40:17 PM,27.34,47.16,886.65,624.17,17.37,16.00,36.00,46.00

2024_07_09 - 11:41:17 PM,27.33,47.16,886.65,626.28,17.17,14.00,24.00,34.00

2024_07_09 - 11:42:17 PM,27.34,47.18,886.66,625.23,16.98,10.00,18.00,28.00

2024_07_09 - 11:43:18 PM,27.34,47.18,886.63,625.23,16.80,12.00,20.00,30.00

2024_07_09 - 11:44:18 PM,27.20,47.52,886.65,621.88,16.29,10.00,26.00,36.00

2024_07_09 - 11:45:18 PM,27.23,47.43,886.65,618.57,15.90,12.00,24.00,34.00

2024_07_09 - 11:46:19 PM,27.13,47.56,886.66,613.66,15.27,10.00,22.00,32.00

2024_07_09 - 11:47:19 PM,27.22,47.49,886.67,612.00,14.91,16.00,32.00,42.00

2024_07_09 - 11:48:19 PM,27.17,47.48,886.66,612.02,15.09,12.00,22.00,32.00

2024_07_09 - 11:49:19 PM,27.16,47.51,886.65,611.61,14.69,10.00,18.00,28.00

2024_07_09 - 11:50:20 PM,27.17,47.47,886.66,607.79,14.26,12.00,28.00,38.00

2024_07_09 - 11:51:20 PM,27.13,47.52,886.62,609.76,13.93,18.00,30.00,40.00

2024_07_09 - 11:52:20 PM,27.22,47.36,886.61,607.66,13.62,8.00,16.00,26.00

2024_07_09 - 11:53:21 PM,27.20,47.48,886.58,607.01,13.30,14.00,36.00,46.00

2024_07_09 - 11:54:21 PM,27.20,47.48,886.63,607.01,12.48,10.00,20.00,32.00

2024_07_09 - 11:55:21 PM,27.29,47.40,886.62,605.22,12.05,16.00,32.00,42.00

2024_07_09 - 11:56:21 PM,27.33,47.33,886.61,606.80,11.58,6.00,14.00,24.00

2024_07_09 - 11:57:22 PM,27.40,47.16,886.62,610.59,11.12,16.00,26.00,36.00

2024_07_09 - 11:58:22 PM,27.40,47.08,886.54,610.32,10.96,10.00,20.00,30.00

2024_07_09 - 11:59:22 PM,27.41,47.04,886.60,610.70,10.74,12.00,20.00,30.00

2024_07_10 - 12:00:23 AM,27.40,47.04,886.55,613.33,10.52,16.00,26.00,36.00

2024_07_10 - 12:01:23 AM,27.46,47.00,886.59,608.02,10.34,14.00,24.00,34.00

2024_07_10 - 12:02:23 AM,27.44,46.86,886.57,603.72,10.47,12.00,24.00,34.00

2024_07_10 - 12:03:23 AM,27.48,46.96,886.56,604.30,10.52,8.00,20.00,30.00

2024_07_10 - 12:04:24 AM,27.61,46.66,886.60,608.06,10.38,6.00,14.00,24.00

2024_07_10 - 12:05:24 AM,27.61,46.66,886.59,608.06,10.34,10.00,22.00,42.00

2024_07_10 - 12:06:24 AM,27.54,47.02,886.59,619.29,10.14,14.00,24.00,34.00

2024_07_10 - 12:07:25 AM,27.66,46.25,886.57,619.38,10.06,14.00,36.00,46.00

2024_07_10 - 12:08:25 AM,27.69,46.05,886.59,617.97,10.61,10.00,20.00,30.00

2024_07_10 - 12:09:25 AM,27.88,46.29,886.55,633.71,10.48,14.00,26.00,36.00

2024_07_10 - 12:10:25 AM,27.84,46.01,886.53,633.15,10.22,16.00,26.00,38.00

2024_07_10 - 12:11:26 AM,27.82,46.07,886.56,630.62,10.09,10.00,22.00,32.00

2024_07_10 - 12:12:26 AM,28.00,45.41,886.54,631.10,9.71,4.00,14.00,24.00

2024_07_10 - 12:13:26 AM,28.17,45.46,886.56,632.22,9.35,10.00,18.00,28.00

2024_07_10 - 12:14:27 AM,28.09,45.31,886.56,638.53,9.31,12.00,22.00,38.00

2024_07_10 - 12:15:27 AM,28.09,45.31,886.57,638.53,9.33,18.00,28.00,38.00

2024_07_10 - 12:16:27 AM,28.17,45.10,886.57,638.56,8.88,10.00,20.00,30.00

2024_07_10 - 12:17:27 AM,28.33,44.97,886.57,648.30,8.94,8.00,16.00,26.00

2024_07_10 - 12:18:28 AM,28.30,45.06,886.56,646.00,8.75,14.00,26.00,38.00

2024_07_10 - 12:19:28 AM,28.40,44.92,886.57,649.07,8.85,16.00,26.00,36.00

2024_07_10 - 12:20:28 AM,28.43,44.94,886.57,646.23,9.03,12.00,24.00,34.00

2024_07_10 - 12:21:29 AM,28.44,45.01,886.56,656.33,9.28,14.00,24.00,34.00

2024_07_10 - 12:22:29 AM,28.19,45.06,886.55,653.70,9.88,8.00,30.00,40.00

2024_07_10 - 12:23:29 AM,28.24,45.14,886.57,653.70,10.00,6.00,16.00,26.00

2024_07_10 - 12:24:29 AM,27.96,45.49,886.54,650.94,9.86,20.00,32.00,42.00

2024_07_10 - 12:25:30 AM,27.82,45.87,886.55,651.68,10.05,16.00,28.00,38.00

2024_07_10 - 12:26:30 AM,27.82,45.87,886.58,651.68,9.97,10.00,20.00,30.00

2024_07_10 - 12:27:30 AM,27.74,46.06,886.54,650.94,9.98,22.00,28.00,38.00

2024_07_10 - 12:28:29 AM,27.65,46.19,886.55,648.87,9.91,10.00,22.00,32.00

2024_07_10 - 12:29:32 AM,27.64,46.28,886.54,642.76,9.87,12.00,26.00,36.00

2024_07_10 - 12:30:33 AM,27.58,46.37,886.50,641.37,9.73,8.00,20.00,30.00

2024_07_10 - 12:31:30 AM,27.65,46.92,886.48,645.97,9.57,10.00,16.00,30.00

2024_07_10 - 12:32:30 AM,27.65,46.55,886.50,633.76,9.65,10.00,20.00,30.00

2024_07_10 - 12:33:32 AM,27.58,46.37,886.52,617.34,9.53,12.00,24.00,34.00

2024_07_10 - 12:34:31 AM,27.58,46.37,886.52,617.34,9.53,12.00,24.00,34.00

2024_07_10 - 12:37:04 AM,27.33,46.97,886.45,437.30,15.17,8.00,24.00,34.00

2024_07_10 - 12:38:05 AM,27.46,46.79,886.46,663.52,14.82,8.00,22.00,34.00

2024_07_10 - 12:39:05 AM,27.82,46.22,886.46,646.78,13.70,14.00,24.00,34.00

2024_07_10 - 12:40:05 AM,27.01,47.68,886.44,583.13,12.59,12.00,26.00,36.00

2024_07_10 - 12:41:05 AM,26.89,47.86,886.46,568.66,11.29,14.00,26.00,36.00

2024_07_10 - 12:42:06 AM,26.51,48.81,886.46,555.96,10.20,12.00,26.00,38.00

2024_07_10 - 12:43:06 AM,26.60,48.60,886.45,550.38,9.37,14.00,26.00,36.00

2024_07_10 - 12:44:06 AM,26.46,49.12,886.48,554.53,8.62,14.00,24.00,36.00

2024_07_10 - 12:45:07 AM,26.34,49.31,886.50,544.67,7.86,10.00,20.00,30.00

2024_07_10 - 12:46:07 AM,26.34,49.31,886.44,544.67,7.37,12.00,24.00,34.00

2024_07_10 - 12:47:07 AM,26.55,48.64,886.48,540.15,7.06,14.00,24.00,34.00

2024_07_10 - 12:48:07 AM,26.41,48.81,886.46,544.14,6.62,14.00,24.00,36.00

2024_07_10 - 12:49:08 AM,26.43,48.68,886.48,548.37,6.84,10.00,22.00,32.00

2024_07_10 - 12:50:08 AM,26.52,48.44,886.48,545.75,7.06,10.00,18.00,34.00

2024_07_10 - 12:51:08 AM,26.57,48.27,886.48,548.29,7.35,6.00,26.00,36.00

2024_07_10 - 12:52:09 AM,26.50,48.33,886.54,548.73,7.38,16.00,28.00,38.00

2024_07_10 - 12:53:09 AM,26.44,48.40,886.48,549.43,7.79,10.00,18.00,30.00

2024_07_10 - 12:54:09 AM,26.48,48.47,886.49,555.82,8.05,12.00,28.00,38.00

2024_07_10 - 12:55:09 AM,26.48,48.32,886.47,558.93,8.17,10.00,24.00,36.00

2024_07_10 - 12:56:10 AM,26.48,48.18,886.46,561.62,8.55,14.00,30.00,40.00

2024_07_10 - 12:57:10 AM,26.48,48.18,886.48,561.62,8.94,8.00,16.00,26.00

2024_07_10 - 12:58:10 AM,26.62,47.86,886.46,563.67,9.40,10.00,18.00,28.00

2024_07_10 - 12:59:11 AM,26.50,48.12,886.43,569.65,9.56,12.00,22.00,32.00

2024_07_10 - 01:00:11 AM,26.55,48.10,886.44,576.76,9.90,16.00,24.00,34.00

2024_07_10 - 01:01:11 AM,26.39,48.47,886.44,577.07,10.22,16.00,26.00,36.00

2024_07_10 - 01:02:11 AM,26.27,48.92,886.43,582.35,10.80,10.00,24.00,34.00

2024_07_10 - 01:03:12 AM,26.43,48.52,886.41,583.86,11.19,12.00,20.00,30.00

2024_07_10 - 01:04:12 AM,26.29,48.92,886.41,589.54,11.40,10.00,26.00,36.00

2024_07_10 - 01:05:12 AM,26.16,49.23,886.41,599.69,11.74,16.00,34.00,44.00

2024_07_10 - 01:06:13 AM,26.33,48.80,886.40,602.48,12.16,4.00,12.00,22.00

2024_07_10 - 01:07:13 AM,26.33,48.80,886.38,602.48,12.43,6.00,16.00,26.00

2024_07_10 - 01:08:13 AM,26.20,49.26,886.40,606.93,12.98,12.00,24.00,34.00

2024_07_10 - 01:09:13 AM,26.13,49.60,886.39,610.86,13.32,10.00,28.00,38.00

2024_07_10 - 01:10:14 AM,26.12,49.71,886.37,614.27,13.81,12.00,26.00,36.00

2024_07_10 - 01:11:14 AM,26.23,49.45,886.37,618.05,14.18,6.00,18.00,28.00

2024_07_10 - 01:12:14 AM,26.26,49.21,886.34,620.69,14.85,10.00,18.00,28.00

2024_07_10 - 01:13:15 AM,26.32,49.14,886.32,625.64,15.42,6.00,24.00,34.00

2024_07_10 - 01:14:15 AM,26.36,48.90,886.35,624.41,15.92,12.00,26.00,36.00

2024_07_10 - 01:15:15 AM,26.40,48.74,886.33,628.43,16.11,12.00,24.00,34.00

2024_07_10 - 01:16:15 AM,26.46,48.58,886.35,638.10,16.16,10.00,24.00,34.00

2024_07_10 - 01:17:16 AM,26.47,48.56,886.33,637.77,16.41,16.00,28.00,38.00

2024_07_10 - 01:18:16 AM,26.47,48.56,886.33,637.77,16.46,14.00,24.00,34.00

2024_07_10 - 01:19:16 AM,26.50,48.40,886.32,641.35,16.87,16.00,30.00,40.00

2024_07_10 - 01:20:17 AM,26.39,48.64,886.31,644.30,17.01,12.00,24.00,34.00

2024_07_10 - 01:21:17 AM,26.37,48.85,886.31,651.01,17.38,10.00,18.00,28.00

2024_07_10 - 01:22:17 AM,26.43,48.72,886.32,651.20,17.23,8.00,18.00,28.00

2024_07_10 - 01:23:17 AM,26.52,48.48,886.27,653.96,17.17,6.00,14.00,26.00

2024_07_10 - 01:24:18 AM,26.33,48.95,886.28,654.96,17.31,12.00,20.00,32.00

2024_07_10 - 01:25:18 AM,26.54,48.45,886.25,656.96,17.37,14.00,20.00,32.00

2024_07_10 - 01:26:18 AM,26.37,48.86,886.27,659.17,17.23,8.00,20.00,30.00

2024_07_10 - 01:27:19 AM,26.41,48.67,886.22,656.20,17.20,8.00,16.00,28.00

2024_07_10 - 01:28:19 AM,26.41,48.67,886.21,656.20,17.14,8.00,22.00,32.00

2024_07_10 - 01:29:19 AM,26.34,48.94,886.21,656.61,17.00,10.00,24.00,36.00

2024_07_10 - 01:30:19 AM,26.37,48.76,886.20,656.85,16.77,10.00,18.00,28.00

2024_07_10 - 01:31:20 AM,26.43,48.59,886.17,655.85,16.67,8.00,20.00,30.00

2024_07_10 - 01:32:20 AM,26.37,48.74,886.16,653.53,16.61,4.00,10.00,22.00

2024_07_10 - 01:33:20 AM,26.55,48.29,886.15,652.91,16.24,8.00,18.00,30.00

2024_07_10 - 01:34:21 AM,26.57,48.17,886.13,651.63,16.27,8.00,20.00,32.00

2024_07_10 - 01:35:21 AM,26.65,48.03,886.14,652.63,15.94,6.00,26.00,36.00

2024_07_10 - 01:36:21 AM,26.57,48.21,886.15,654.79,16.11,14.00,20.00,30.00

2024_07_10 - 01:37:21 AM,26.68,47.96,886.14,654.39,15.99,10.00,20.00,32.00

2024_07_10 - 01:38:22 AM,26.58,48.08,886.12,652.92,15.96,16.00,32.00,42.00

2024_07_10 - 01:39:22 AM,26.58,48.08,886.11,652.92,15.51,8.00,16.00,28.00

2024_07_10 - 01:40:22 AM,26.55,48.18,886.11,651.57,15.65,6.00,16.00,36.00

2024_07_10 - 01:41:23 AM,26.67,47.91,886.07,649.70,15.32,8.00,20.00,30.00

2024_07_10 - 01:42:23 AM,26.71,47.80,886.07,651.09,15.11,8.00,18.00,28.00

2024_07_10 - 01:43:23 AM,26.78,47.64,886.04,650.87,14.66,10.00,24.00,34.00

2024_07_10 - 01:44:23 AM,26.79,47.50,886.06,648.46,14.79,10.00,20.00,30.00

2024_07_10 - 01:45:24 AM,26.85,47.41,886.02,644.36,14.75,12.00,20.00,30.00

2024_07_10 - 01:46:24 AM,26.78,47.54,886.01,645.31,14.27,6.00,22.00,32.00

2024_07_10 - 01:47:24 AM,26.85,47.49,885.99,641.75,14.43,10.00,20.00,30.00

2024_07_10 - 01:48:25 AM,26.81,47.49,885.99,647.98,14.25,8.00,20.00,30.00

2024_07_10 - 01:49:25 AM,26.81,47.49,885.97,647.98,14.02,6.00,20.00,30.00

2024_07_10 - 01:50:25 AM,26.85,47.28,885.98,641.93,13.76,14.00,20.00,32.00

2024_07_10 - 01:51:25 AM,26.71,47.62,885.98,643.94,13.73,8.00,20.00,30.00

2024_07_10 - 01:52:26 AM,26.77,47.66,885.97,647.24,13.60,14.00,26.00,38.00

2024_07_10 - 01:53:26 AM,26.91,47.35,885.97,650.01,13.28,10.00,24.00,36.00

2024_07_10 - 01:54:26 AM,26.89,47.22,885.98,647.26,12.90,10.00,18.00,28.00

2024_07_10 - 01:55:27 AM,26.88,47.21,885.95,646.64,12.55,6.00,20.00,30.00

2024_07_10 - 01:56:27 AM,26.77,47.47,885.93,648.90,12.63,8.00,20.00,30.00

2024_07_10 - 01:57:27 AM,26.84,47.40,885.93,647.22,12.12,10.00,22.00,32.00

2024_07_10 - 01:58:27 AM,26.75,47.54,885.93,640.29,12.36,4.00,12.00,22.00

2024_07_10 - 01:59:28 AM,26.77,47.45,885.92,642.95,12.20,12.00,20.00,30.00

2024_07_10 - 02:00:28 AM,26.77,47.45,885.87,642.95,11.99,8.00,16.00,26.00

2024_07_10 - 02:01:28 AM,26.75,47.62,885.87,649.92,11.84,12.00,24.00,34.00

2024_07_10 - 02:02:29 AM,26.71,47.64,885.88,648.23,11.39,10.00,22.00,32.00

2024_07_10 - 02:03:29 AM,26.75,47.56,885.88,643.71,11.54,10.00,22.00,32.00

2024_07_10 - 02:04:29 AM,26.88,47.22,885.86,642.67,11.17,6.00,14.00,26.00

2024_07_10 - 02:05:29 AM,26.89,47.22,885.90,642.51,11.16,12.00,20.00,30.00

2024_07_10 - 02:06:30 AM,26.84,47.24,885.85,639.08,11.09,10.00,18.00,28.00

2024_07_10 - 02:07:30 AM,26.94,47.06,885.88,640.10,10.91,14.00,24.00,34.00

2024_07_10 - 02:08:30 AM,26.95,47.04,885.88,640.74,10.66,14.00,26.00,36.00

2024_07_10 - 02:09:31 AM,26.96,46.91,885.87,638.06,10.53,12.00,20.00,30.00

2024_07_10 - 02:10:31 AM,26.96,46.91,885.85,638.06,10.51,6.00,16.00,26.00

2024_07_10 - 02:11:31 AM,26.94,47.04,885.81,640.97,10.23,8.00,18.00,30.00

2024_07_10 - 02:12:31 AM,26.98,46.91,885.82,638.21,9.97,8.00,22.00,46.00

2024_07_10 - 02:13:32 AM,27.03,46.83,885.83,639.82,9.89,6.00,14.00,24.00

2024_07_10 - 02:14:32 AM,26.94,46.89,885.79,633.14,9.71,8.00,20.00,30.00

2024_07_10 - 02:15:32 AM,27.05,46.79,885.78,636.27,9.71,10.00,18.00,28.00

2024_07_10 - 02:16:33 AM,26.92,47.00,885.78,637.45,9.51,6.00,12.00,24.00

2024_07_10 - 02:17:33 AM,27.01,46.85,885.76,636.36,9.38,12.00,18.00,28.00

2024_07_10 - 02:18:33 AM,26.92,46.96,885.77,635.66,9.17,10.00,20.00,30.00

2024_07_10 - 02:19:33 AM,27.05,46.65,885.76,632.85,9.22,6.00,14.00,24.00

2024_07_10 - 02:20:34 AM,27.06,46.65,885.76,631.95,9.09,8.00,18.00,30.00

2024_07_10 - 02:21:34 AM,27.06,46.65,885.77,631.95,9.05,12.00,26.00,36.00

2024_07_10 - 02:22:34 AM,27.05,46.63,885.73,628.44,8.90,6.00,18.00,28.00

2024_07_10 - 02:23:35 AM,26.96,46.90,885.73,625.38,8.89,6.00,14.00,24.00

2024_07_10 - 02:24:35 AM,26.94,46.89,885.75,623.37,8.96,6.00,12.00,24.00

2024_07_10 - 02:25:35 AM,27.05,46.67,885.73,622.18,8.72,10.00,20.00,30.00

2024_07_10 - 02:26:35 AM,26.86,47.14,885.71,623.91,8.78,6.00,16.00,26.00

2024_07_10 - 02:27:36 AM,26.94,46.95,885.71,625.11,8.71,8.00,24.00,34.00

2024_07_10 - 02:28:36 AM,26.89,47.02,885.68,627.05,8.52,10.00,20.00,32.00

2024_07_10 - 02:29:36 AM,26.92,46.99,885.68,626.39,8.51,12.00,24.00,34.00

2024_07_10 - 02:30:37 AM,26.92,46.97,885.67,626.29,8.41,4.00,18.00,28.00

2024_07_10 - 02:31:37 AM,26.92,46.97,885.69,626.29,8.40,12.00,24.00,34.00

2024_07_10 - 02:32:37 AM,26.98,46.82,885.66,626.92,8.33,4.00,16.00,26.00

2024_07_10 - 02:33:37 AM,27.07,46.71,885.67,628.54,8.32,10.00,18.00,28.00

2024_07_10 - 02:34:38 AM,27.12,46.54,885.68,627.89,8.29,14.00,22.00,32.00

2024_07_10 - 02:35:38 AM,27.02,46.76,885.70,624.20,8.26,6.00,18.00,28.00

2024_07_10 - 02:36:39 AM,27.02,46.76,885.70,624.20,8.26,6.00,18.00,28.00

2024_07_10 - 02:37:37 AM,26.96,47.01,885.69,628.31,8.24,10.00,18.00,28.00

2024_07_10 - 02:38:39 AM,26.91,46.97,885.66,628.27,8.18,4.00,24.00,34.00

2024_07_10 - 02:39:39 AM,27.13,46.60,885.67,631.04,8.05,14.00,20.00,30.00

2024_07_10 - 02:40:39 AM,27.01,46.87,885.65,627.02,7.88,8.00,16.00,26.00

2024_07_10 - 02:41:40 AM,27.03,46.83,885.62,628.58,7.97,12.00,20.00,44.00

2024_07_10 - 02:42:40 AM,27.03,46.83,885.61,628.58,7.85,6.00,18.00,28.00

2024_07_10 - 02:43:40 AM,27.01,46.83,885.60,626.47,7.83,4.00,18.00,30.00

2024_07_10 - 02:44:41 AM,26.98,47.01,885.61,627.18,7.73,10.00,24.00,34.00

2024_07_10 - 02:45:41 AM,26.98,46.95,885.61,630.38,7.71,10.00,22.00,32.00

2024_07_10 - 02:46:41 AM,26.95,47.18,885.59,632.98,7.74,12.00,18.00,30.00

2024_07_10 - 02:47:41 AM,26.98,46.93,885.58,633.49,7.67,8.00,12.00,24.00

2024_07_10 - 02:48:42 AM,26.88,47.21,885.58,636.06,7.76,10.00,22.00,32.00

2024_07_10 - 02:49:42 AM,26.99,46.95,885.58,639.12,7.63,10.00,24.00,34.00

2024_07_10 - 02:50:42 AM,26.92,47.21,885.57,637.81,7.66,8.00,20.00,32.00

2024_07_10 - 02:51:43 AM,26.94,47.12,885.59,643.34,7.69,8.00,22.00,32.00

2024_07_10 - 02:52:43 AM,26.94,47.17,885.56,637.78,7.49,8.00,18.00,28.00

2024_07_10 - 02:53:43 AM,26.94,47.17,885.58,637.78,7.57,6.00,20.00,30.00

2024_07_10 - 02:54:43 AM,26.91,47.42,885.57,643.29,7.51,10.00,16.00,26.00

2024_07_10 - 02:55:44 AM,26.91,47.29,885.56,644.60,7.46,10.00,16.00,28.00

2024_07_10 - 02:56:44 AM,26.86,47.39,885.55,647.36,7.51,8.00,20.00,30.00

2024_07_10 - 02:57:44 AM,26.88,47.39,885.55,647.78,7.35,10.00,18.00,30.00

2024_07_10 - 02:58:45 AM,26.89,47.40,885.56,649.26,7.35,12.00,22.00,32.00

2024_07_10 - 02:59:45 AM,26.89,47.35,885.54,647.26,7.49,8.00,20.00,30.00

2024_07_10 - 03:00:45 AM,26.86,47.47,885.58,642.81,7.41,8.00,22.00,34.00

2024_07_10 - 03:01:45 AM,26.95,47.17,885.56,641.60,7.39,8.00,18.00,28.00

2024_07_10 - 03:02:46 AM,26.85,47.52,885.57,642.44,7.51,10.00,22.00,42.00

2024_07_10 - 03:03:46 AM,26.85,47.52,885.59,642.44,7.50,8.00,24.00,36.00

2024_07_10 - 03:04:46 AM,26.81,47.66,885.59,649.70,7.49,8.00,14.00,24.00

2024_07_10 - 03:05:47 AM,26.88,47.42,885.57,650.52,7.31,6.00,18.00,28.00

2024_07_10 - 03:06:47 AM,26.84,47.59,885.59,649.11,7.31,12.00,20.00,30.00

2024_07_10 - 03:07:47 AM,26.88,47.52,885.58,649.70,7.39,6.00,18.00,28.00

2024_07_10 - 03:08:47 AM,26.95,47.35,885.56,654.36,7.26,12.00,22.00,32.00

2024_07_10 - 03:09:48 AM,26.96,47.34,885.56,649.64,7.26,8.00,18.00,28.00

2024_07_10 - 03:10:48 AM,26.86,47.72,885.56,644.89,7.26,8.00,16.00,26.00

2024_07_10 - 03:11:48 AM,26.86,47.71,885.54,639.55,7.22,8.00,16.00,28.00

2024_07_10 - 03:12:49 AM,26.85,47.81,885.53,644.59,7.28,4.00,14.00,24.00

2024_07_10 - 03:13:49 AM,26.89,47.63,885.53,642.91,7.25,8.00,20.00,30.00

2024_07_10 - 03:14:49 AM,26.89,47.63,885.54,642.91,7.22,6.00,26.00,36.00

2024_07_10 - 03:15:49 AM,26.96,47.38,885.51,650.23,7.11,12.00,22.00,32.00

2024_07_10 - 03:16:50 AM,26.92,47.55,885.50,648.84,7.13,6.00,20.00,30.00

2024_07_10 - 03:17:50 AM,27.05,47.31,885.49,648.79,7.08,12.00,26.00,36.00

2024_07_10 - 03:18:50 AM,26.88,47.66,885.48,650.05,7.09,6.00,16.00,26.00

2024_07_10 - 03:19:51 AM,26.89,47.49,885.46,642.30,7.24,8.00,22.00,34.00

2024_07_10 - 03:20:51 AM,26.85,47.76,885.45,642.43,7.18,8.00,20.00,30.00

2024_07_10 - 03:21:51 AM,26.81,47.88,885.46,648.59,7.12,6.00,20.00,30.00

2024_07_10 - 03:22:51 AM,26.88,47.70,885.45,648.87,7.12,10.00,18.00,28.00

2024_07_10 - 03:23:52 AM,26.86,47.66,885.46,648.20,7.17,10.00,20.00,32.00

2024_07_10 - 03:24:52 AM,26.86,47.66,885.45,648.20,7.18,10.00,20.00,30.00

2024_07_10 - 03:25:52 AM,26.85,47.70,885.42,649.17,7.08,6.00,16.00,26.00

2024_07_10 - 03:26:53 AM,26.85,47.68,885.45,648.28,7.14,10.00,22.00,34.00

2024_07_10 - 03:27:53 AM,27.13,47.03,885.45,650.63,7.13,10.00,22.00,32.00

2024_07_10 - 03:28:53 AM,26.91,47.45,885.47,656.94,7.00,12.00,22.00,34.00

2024_07_10 - 03:29:53 AM,26.95,47.34,885.46,659.92,7.12,12.00,22.00,34.00

2024_07_10 - 03:30:54 AM,26.88,47.64,885.44,663.13,7.10,8.00,18.00,30.00

2024_07_10 - 03:31:54 AM,26.85,47.67,885.45,667.04,7.20,14.00,30.00,40.00

2024_07_10 - 03:32:54 AM,26.98,47.41,885.45,663.68,7.11,8.00,16.00,26.00

2024_07_10 - 03:33:55 AM,26.89,47.58,885.45,657.73,6.97,8.00,26.00,36.00

2024_07_10 - 03:34:55 AM,26.99,47.37,885.46,659.71,7.09,4.00,12.00,22.00

2024_07_10 - 03:35:55 AM,26.99,47.37,885.45,659.71,6.98,8.00,24.00,34.00

2024_07_10 - 03:36:57 AM,26.99,47.37,885.45,659.71,6.98,8.00,24.00,34.00

2024_07_10 - 03:37:54 AM,26.94,47.45,885.45,658.79,6.99,4.00,14.00,24.00

2024_07_10 - 03:38:56 AM,26.89,47.52,885.42,658.74,6.99,8.00,20.00,32.00

2024_07_10 - 03:39:56 AM,26.95,47.48,885.43,663.95,7.00,8.00,26.00,38.00

2024_07_10 - 03:40:57 AM,26.89,47.56,885.42,664.75,7.08,14.00,28.00,40.00

2024_07_10 - 03:41:57 AM,26.96,47.50,885.41,670.11,6.93,10.00,20.00,30.00

2024_07_10 - 03:42:57 AM,27.01,47.34,885.39,666.56,6.86,6.00,14.00,24.00

2024_07_10 - 03:43:57 AM,26.89,47.62,885.42,664.95,6.96,6.00,14.00,24.00

2024_07_10 - 03:44:58 AM,27.02,47.34,885.43,659.49,7.02,12.00,24.00,34.00

2024_07_10 - 03:45:58 AM,26.96,47.40,885.40,653.84,7.02,8.00,16.00,26.00

2024_07_10 - 03:46:58 AM,26.96,47.40,885.41,653.84,7.02,10.00,22.00,32.00

2024_07_10 - 03:47:59 AM,26.99,47.36,885.40,640.68,6.94,14.00,26.00,36.00

2024_07_10 - 03:48:59 AM,26.94,47.46,885.41,639.55,6.83,10.00,16.00,26.00

2024_07_10 - 03:49:59 AM,26.99,47.42,885.38,644.54,6.89,4.00,14.00,24.00

2024_07_10 - 03:50:59 AM,26.95,47.40,885.38,648.00,7.02,8.00,16.00,26.00

2024_07_10 - 03:52:00 AM,26.95,47.52,885.37,649.94,6.91,8.00,24.00,36.00

2024_07_10 - 03:53:00 AM,26.99,47.40,885.37,656.03,6.93,10.00,24.00,34.00

2024_07_10 - 03:54:00 AM,26.89,47.60,885.35,654.27,7.11,12.00,26.00,36.00

2024_07_10 - 03:55:01 AM,27.07,47.18,885.35,653.97,7.00,14.00,28.00,38.00

2024_07_10 - 03:56:01 AM,26.89,47.58,885.34,655.11,7.22,10.00,24.00,34.00

2024_07_10 - 03:57:01 AM,26.89,47.58,885.36,655.11,7.12,10.00,20.00,30.00

2024_07_10 - 03:58:01 AM,26.95,47.56,885.34,658.18,7.06,8.00,16.00,26.00

2024_07_10 - 03:59:02 AM,27.03,47.32,885.28,660.10,6.99,10.00,20.00,30.00

2024_07_10 - 04:00:02 AM,26.95,47.48,885.30,662.68,7.06,4.00,16.00,26.00

2024_07_10 - 04:01:02 AM,26.99,47.43,885.30,662.47,7.07,8.00,18.00,36.00

2024_07_10 - 04:02:02 AM,26.98,47.43,885.31,662.33,7.18,12.00,28.00,38.00

2024_07_10 - 04:03:03 AM,27.03,47.23,885.26,659.34,7.08,6.00,14.00,24.00

2024_07_10 - 04:04:03 AM,26.92,47.42,885.25,658.20,7.10,4.00,14.00,24.00

2024_07_10 - 04:05:03 AM,27.07,47.20,885.25,661.43,7.17,8.00,22.00,32.00

2024_07_10 - 04:06:04 AM,27.01,47.13,885.26,659.94,7.04,8.00,22.00,32.00

2024_07_10 - 04:07:04 AM,27.10,46.99,885.26,663.16,7.27,6.00,18.00,30.00

2024_07_10 - 04:08:03 AM,27.10,46.99,885.27,663.16,7.26,12.00,20.00,30.00

2024_07_10 - 04:09:04 AM,26.96,47.29,885.28,662.68,7.30,8.00,16.00,26.00

2024_07_10 - 04:10:05 AM,26.88,47.52,885.26,662.79,7.23,10.00,18.00,28.00

2024_07_10 - 04:11:05 AM,26.86,47.45,885.26,660.50,7.32,8.00,16.00,26.00

2024_07_10 - 04:12:05 AM,26.89,47.45,885.25,660.80,7.30,16.00,24.00,34.00

2024_07_10 - 04:13:06 AM,26.94,47.28,885.26,662.12,7.27,10.00,18.00,28.00

2024_07_10 - 04:14:06 AM,27.02,47.29,885.24,656.92,7.42,10.00,20.00,32.00

2024_07_10 - 04:15:06 AM,26.98,47.13,885.22,658.90,7.22,10.00,22.00,32.00

2024_07_10 - 04:16:06 AM,27.05,47.03,885.24,661.94,7.24,6.00,16.00,26.00

2024_07_10 - 04:17:07 AM,27.01,47.22,885.19,662.90,7.33,6.00,18.00,28.00

2024_07_10 - 04:18:07 AM,27.01,47.22,885.19,662.90,7.37,10.00,20.00,30.00

2024_07_10 - 04:19:07 AM,26.91,47.41,885.22,666.51,7.30,8.00,26.00,36.00

2024_07_10 - 04:20:08 AM,26.88,47.47,885.22,664.41,7.23,12.00,24.00,34.00

2024_07_10 - 04:21:08 AM,26.88,47.51,885.21,663.23,7.29,8.00,20.00,30.00

2024_07_10 - 04:22:08 AM,26.88,47.49,885.22,665.50,7.21,8.00,14.00,26.00

2024_07_10 - 04:23:08 AM,27.01,47.29,885.22,672.13,7.32,14.00,26.00,48.00

2024_07_10 - 04:24:09 AM,26.98,47.22,885.20,669.42,7.38,16.00,28.00,38.00

2024_07_10 - 04:25:09 AM,27.01,47.27,885.19,671.65,7.37,10.00,20.00,30.00

2024_07_10 - 04:26:09 AM,26.94,47.29,885.19,675.66,7.26,14.00,24.00,34.00

2024_07_10 - 04:27:10 AM,27.02,47.11,885.20,674.58,7.23,12.00,26.00,46.00

2024_07_10 - 04:28:10 AM,26.94,47.57,885.18,674.73,7.29,6.00,18.00,28.00

2024_07_10 - 04:29:10 AM,26.94,47.57,885.19,674.73,7.35,6.00,14.00,24.00

2024_07_10 - 04:30:10 AM,26.91,47.54,885.19,679.86,7.21,8.00,16.00,26.00

2024_07_10 - 04:31:11 AM,26.84,47.79,885.18,681.06,7.31,14.00,24.00,36.00

2024_07_10 - 04:32:11 AM,26.89,47.51,885.22,675.95,7.39,4.00,10.00,22.00

2024_07_10 - 04:33:11 AM,26.86,47.47,885.18,674.68,7.34,8.00,14.00,24.00

2024_07_10 - 04:34:12 AM,26.98,47.42,885.19,675.50,7.32,12.00,22.00,32.00

2024_07_10 - 04:35:12 AM,26.95,47.44,885.20,677.40,7.22,8.00,18.00,28.00

2024_07_10 - 04:36:12 AM,26.92,47.47,885.20,681.67,7.34,6.00,18.00,28.00

2024_07_10 - 04:37:14 AM,26.92,47.47,885.20,681.67,7.34,6.00,18.00,28.00

2024_07_10 - 04:38:11 AM,26.82,47.64,885.18,671.55,7.31,12.00,22.00,32.00

2024_07_10 - 04:39:13 AM,26.82,47.64,885.18,671.55,7.22,14.00,28.00,38.00

2024_07_10 - 04:40:13 AM,26.91,47.48,885.21,677.11,7.25,14.00,22.00,32.00

2024_07_10 - 04:41:14 AM,26.88,47.65,885.20,691.23,7.45,12.00,20.00,30.00

2024_07_10 - 04:42:14 AM,26.92,47.50,885.21,697.03,7.16,10.00,18.00,28.00

2024_07_10 - 04:43:14 AM,26.95,47.47,885.25,716.79,7.23,16.00,26.00,36.00

2024_07_10 - 04:44:14 AM,26.95,47.37,885.24,709.05,7.29,8.00,20.00,30.00

2024_07_10 - 04:45:15 AM,26.84,47.56,885.23,704.34,7.31,8.00,22.00,32.00

2024_07_10 - 04:46:15 AM,26.98,47.18,885.24,702.78,7.33,8.00,16.00,26.00

2024_07_10 - 04:47:15 AM,26.88,47.53,885.27,700.56,7.40,6.00,18.00,38.00

2024_07_10 - 04:48:16 AM,26.84,47.54,885.25,694.43,7.48,10.00,20.00,30.00

2024_07_10 - 04:49:16 AM,26.95,47.33,885.23,692.69,7.43,18.00,26.00,36.00

2024_07_10 - 04:50:16 AM,26.95,47.33,885.23,692.69,7.42,6.00,18.00,28.00

2024_07_10 - 04:51:16 AM,26.85,47.55,885.24,697.27,7.44,8.00,26.00,36.00

2024_07_10 - 04:52:17 AM,26.88,47.45,885.25,693.61,7.36,10.00,24.00,36.00

2024_07_10 - 04:53:17 AM,26.88,47.54,885.24,690.94,7.37,12.00,26.00,36.00

2024_07_10 - 04:54:17 AM,26.99,47.36,885.26,690.09,7.43,18.00,26.00,36.00

2024_07_10 - 04:55:18 AM,26.91,47.53,885.24,690.16,7.35,10.00,20.00,30.00

2024_07_10 - 04:56:18 AM,26.88,47.40,885.23,690.55,7.20,10.00,20.00,30.00

2024_07_10 - 04:57:18 AM,26.99,47.32,885.21,692.34,7.26,14.00,22.00,32.00

2024_07_10 - 04:58:18 AM,26.89,47.48,885.18,692.62,7.40,10.00,18.00,30.00

2024_07_10 - 04:59:19 AM,26.99,47.19,885.20,689.89,7.31,16.00,30.00,42.00

2024_07_10 - 05:00:19 AM,26.99,47.19,885.21,689.89,7.27,10.00,16.00,28.00

2024_07_10 - 05:01:19 AM,26.85,47.45,885.23,693.49,7.29,12.00,20.00,30.00

2024_07_10 - 05:02:20 AM,26.78,47.72,885.24,693.83,7.62,8.00,16.00,26.00

2024_07_10 - 05:03:20 AM,26.82,47.57,885.24,693.28,8.30,6.00,18.00,28.00

2024_07_10 - 05:04:20 AM,26.84,47.56,885.21,696.20,8.53,16.00,28.00,38.00

2024_07_10 - 05:05:20 AM,26.95,47.25,885.23,698.57,8.88,12.00,24.00,34.00

2024_07_10 - 05:06:21 AM,26.86,47.43,885.22,701.05,9.05,6.00,14.00,30.00

2024_07_10 - 05:07:21 AM,26.81,47.50,885.24,706.28,9.58,12.00,20.00,30.00

2024_07_10 - 05:08:21 AM,26.81,47.50,885.23,706.09,9.69,10.00,20.00,30.00

2024_07_10 - 05:09:22 AM,26.77,47.45,885.27,700.77,9.86,8.00,28.00,38.00

2024_07_10 - 05:10:22 AM,26.88,47.21,885.23,701.04,9.82,10.00,18.00,28.00

2024_07_10 - 05:11:22 AM,26.88,47.21,885.26,701.04,9.87,10.00,26.00,36.00

2024_07_10 - 05:12:22 AM,26.82,47.25,885.26,701.12,9.99,8.00,18.00,28.00

2024_07_10 - 05:13:23 AM,26.81,47.42,885.24,701.45,10.18,12.00,18.00,30.00

2024_07_10 - 05:14:23 AM,26.85,47.19,885.20,699.40,9.99,14.00,24.00,38.00

2024_07_10 - 05:15:23 AM,26.84,47.14,885.25,701.48,9.96,12.00,24.00,34.00

2024_07_10 - 05:16:24 AM,26.82,47.18,885.25,701.44,9.94,12.00,24.00,36.00

2024_07_10 - 05:17:24 AM,26.79,47.28,885.24,703.76,10.08,12.00,24.00,34.00

2024_07_10 - 05:18:24 AM,26.88,47.08,885.26,703.54,9.91,12.00,28.00,38.00

2024_07_10 - 05:19:24 AM,26.88,47.11,885.24,703.48,9.92,6.00,18.00,28.00

2024_07_10 - 05:20:25 AM,26.77,47.29,885.23,702.02,10.05,10.00,22.00,32.00

2024_07_10 - 05:21:25 AM,26.77,47.29,885.23,702.02,10.00,12.00,24.00,34.00

2024_07_10 - 05:22:25 AM,26.78,47.30,885.21,702.32,9.79,16.00,40.00,50.00

2024_07_10 - 05:23:26 AM,26.77,47.16,885.24,702.06,9.83,10.00,18.00,28.00

2024_07_10 - 05:24:26 AM,26.84,47.05,885.24,702.60,9.69,10.00,20.00,30.00

2024_07_10 - 05:25:26 AM,26.74,47.34,885.21,705.83,9.75,12.00,24.00,34.00

2024_07_10 - 05:26:26 AM,26.77,47.20,885.20,704.04,9.63,8.00,20.00,30.00

2024_07_10 - 05:27:27 AM,26.77,47.29,885.17,706.08,9.45,8.00,18.00,28.00

2024_07_10 - 05:28:27 AM,26.71,47.31,885.18,706.88,9.42,12.00,24.00,34.00

2024_07_10 - 05:29:27 AM,26.82,46.99,885.23,705.37,9.36,6.00,26.00,36.00

2024_07_10 - 05:30:28 AM,26.77,47.09,885.21,707.21,9.30,12.00,20.00,30.00

2024_07_10 - 05:31:28 AM,26.78,47.02,885.18,708.52,9.39,10.00,24.00,34.00

2024_07_10 - 05:32:28 AM,26.78,47.02,885.20,708.52,9.23,12.00,26.00,36.00

2024_07_10 - 05:33:28 AM,26.68,47.24,885.20,703.78,9.13,14.00,24.00,34.00

2024_07_10 - 05:34:29 AM,26.73,47.15,885.19,708.39,9.14,10.00,24.00,36.00

2024_07_10 - 05:35:29 AM,26.78,47.10,885.22,710.50,9.08,18.00,32.00,42.00

2024_07_10 - 05:36:29 AM,26.75,47.00,885.24,710.73,9.22,10.00,22.00,32.00

2024_07_10 - 05:38:30 AM,26.81,46.83,885.23,711.57,8.90,6.00,20.00,30.00

2024_07_10 - 05:39:30 AM,26.79,46.85,885.25,710.59,8.69,14.00,24.00,34.00

2024_07_10 - 05:40:30 AM,26.68,47.17,885.20,716.46,8.80,14.00,26.00,46.00

2024_07_10 - 05:41:31 AM,26.74,46.92,885.21,711.44,8.64,10.00,16.00,26.00

2024_07_10 - 05:42:31 AM,26.74,46.92,885.21,711.44,8.55,14.00,28.00,40.00

2024_07_10 - 05:43:31 AM,26.70,47.01,885.20,708.60,8.58,8.00,18.00,28.00

2024_07_10 - 05:44:32 AM,26.62,47.15,885.19,705.33,8.49,10.00,30.00,40.00

2024_07_10 - 05:45:32 AM,26.71,47.00,885.22,709.95,8.26,14.00,22.00,32.00

2024_07_10 - 05:46:32 AM,26.70,47.02,885.19,712.15,8.15,16.00,24.00,36.00

2024_07_10 - 05:47:32 AM,26.81,46.73,885.18,708.79,8.06,22.00,32.00,42.00

2024_07_10 - 05:48:33 AM,26.78,46.75,885.18,702.07,8.06,18.00,24.00,34.00

2024_07_10 - 05:49:33 AM,26.82,46.62,885.20,702.07,8.00,12.00,30.00,40.00

2024_07_10 - 05:50:33 AM,26.70,46.95,885.19,702.49,8.01,12.00,20.00,30.00

2024_07_10 - 05:51:34 AM,26.67,46.94,885.21,698.17,7.86,14.00,26.00,36.00

2024_07_10 - 05:52:34 AM,26.73,46.83,885.21,699.81,7.78,12.00,28.00,40.00

2024_07_10 - 05:53:34 AM,26.73,46.83,885.21,699.81,7.79,14.00,30.00,40.00

2024_07_10 - 05:54:34 AM,26.77,46.77,885.21,700.06,7.69,12.00,26.00,38.00

2024_07_10 - 05:55:35 AM,26.70,46.90,885.23,702.90,7.71,12.00,24.00,34.00

2024_07_10 - 05:56:35 AM,26.68,46.77,885.19,698.11,7.69,10.00,20.00,30.00

2024_07_10 - 05:57:35 AM,26.74,46.69,885.21,698.30,7.59,12.00,32.00,42.00

2024_07_10 - 05:58:36 AM,26.70,46.67,885.19,695.77,7.51,10.00,28.00,38.00

2024_07_10 - 05:59:36 AM,26.82,46.50,885.22,696.99,7.39,14.00,22.00,32.00

2024_07_10 - 06:00:36 AM,26.65,46.76,885.18,701.53,7.57,20.00,30.00,42.00

2024_07_10 - 06:01:36 AM,26.68,46.61,885.21,705.27,7.29,10.00,22.00,32.00

2024_07_10 - 06:02:37 AM,26.73,46.62,885.19,704.36,7.21,10.00,20.00,30.00

2024_07_10 - 06:03:37 AM,26.73,46.62,885.22,704.36,7.06,16.00,26.00,36.00

2024_07_10 - 06:04:37 AM,26.75,46.59,885.19,708.03,7.20,14.00,20.00,30.00

2024_07_10 - 06:05:38 AM,26.70,46.55,885.18,706.96,7.12,14.00,26.00,36.00

2024_07_10 - 06:06:38 AM,26.74,46.61,885.17,707.61,7.03,16.00,34.00,44.00

2024_07_10 - 06:07:38 AM,26.73,46.56,885.19,706.73,7.11,20.00,28.00,42.00

2024_07_10 - 06:08:38 AM,26.70,46.45,885.18,707.20,7.06,14.00,22.00,34.00

2024_07_10 - 06:09:39 AM,26.82,46.35,885.21,711.04,6.86,16.00,26.00,36.00

2024_07_10 - 06:10:39 AM,26.79,46.24,885.21,712.09,6.83,16.00,28.00,38.00

2024_07_10 - 06:11:39 AM,26.75,46.32,885.22,710.54,6.81,10.00,18.00,28.00

2024_07_10 - 06:12:40 AM,26.61,46.58,885.20,707.37,6.78,14.00,20.00,30.00

2024_07_10 - 06:13:40 AM,26.58,46.60,885.20,703.78,6.85,12.00,22.00,32.00

2024_07_10 - 06:14:40 AM,26.58,46.60,885.21,703.78,6.77,14.00,24.00,34.00

2024_07_10 - 06:15:40 AM,26.58,46.60,885.23,694.85,6.70,12.00,32.00,42.00

2024_07_10 - 06:16:41 AM,26.62,46.55,885.20,694.19,6.66,18.00,28.00,38.00

2024_07_10 - 06:17:41 AM,26.75,46.25,885.21,695.89,6.60,14.00,20.00,42.00

2024_07_10 - 06:18:41 AM,26.70,46.27,885.22,694.45,6.46,10.00,20.00,30.00

2024_07_10 - 06:19:42 AM,26.73,46.19,885.22,692.83,6.53,12.00,28.00,38.00

2024_07_10 - 06:20:42 AM,26.64,46.29,885.22,697.71,6.49,10.00,20.00,30.00

2024_07_10 - 06:21:42 AM,26.75,46.14,885.25,694.95,6.44,8.00,20.00,32.00

2024_07_10 - 06:22:42 AM,26.65,46.27,885.23,697.29,6.41,14.00,22.00,32.00

2024_07_10 - 06:23:43 AM,26.68,46.22,885.24,696.65,6.21,14.00,28.00,38.00

2024_07_10 - 06:24:43 AM,26.68,46.22,885.26,696.65,6.25,12.00,24.00,34.00

2024_07_10 - 06:25:43 AM,26.73,46.07,885.25,695.47,6.10,14.00,26.00,36.00

2024_07_10 - 06:26:44 AM,26.71,46.14,885.20,693.05,6.06,10.00,22.00,32.00

2024_07_10 - 06:27:44 AM,26.81,45.92,885.26,692.20,6.07,18.00,30.00,40.00

2024_07_10 - 06:28:44 AM,26.74,45.97,885.28,693.67,6.11,18.00,30.00,40.00

2024_07_10 - 06:29:44 AM,26.84,45.89,885.26,693.89,5.98,14.00,24.00,34.00

2024_07_10 - 06:30:45 AM,26.74,45.98,885.25,695.08,5.93,12.00,24.00,34.00

2024_07_10 - 06:31:45 AM,26.77,45.80,885.28,692.08,5.83,14.00,26.00,36.00

2024_07_10 - 06:32:45 AM,26.70,45.86,885.31,692.07,5.86,16.00,28.00,38.00

2024_07_10 - 06:33:46 AM,26.74,45.84,885.27,690.42,5.82,8.00,24.00,34.00

2024_07_10 - 06:34:46 AM,26.70,45.87,885.29,691.29,5.73,18.00,32.00,42.00

2024_07_10 - 06:35:44 AM,26.70,45.87,885.29,691.29,5.72,16.00,30.00,40.00

2024_07_10 - 06:36:46 AM,26.73,45.77,885.27,689.42,5.74,12.00,24.00,36.00

2024_07_10 - 06:37:50 AM,26.79,45.54,885.27,692.95,5.69,14.00,24.00,36.00

2024_07_10 - 06:38:47 AM,26.77,45.59,885.26,696.67,5.63,18.00,36.00,46.00

2024_07_10 - 06:39:47 AM,26.79,45.47,885.26,695.92,5.53,12.00,20.00,30.00

2024_07_10 - 06:40:48 AM,26.78,45.38,885.27,700.22,5.57,14.00,24.00,34.00

2024_07_10 - 06:41:48 AM,26.78,45.40,885.25,699.92,5.58,14.00,26.00,36.00

2024_07_10 - 06:42:48 AM,26.78,45.40,885.26,698.01,5.59,14.00,28.00,38.00

2024_07_10 - 06:43:48 AM,26.71,45.50,885.23,701.47,5.59,14.00,22.00,32.00

2024_07_10 - 06:44:49 AM,26.77,45.31,885.25,702.59,5.48,14.00,24.00,34.00

2024_07_10 - 06:45:49 AM,26.77,45.31,885.25,702.59,5.46,10.00,22.00,32.00

2024_07_10 - 06:46:49 AM,26.77,45.26,885.22,703.84,5.51,14.00,32.00,42.00

2024_07_10 - 06:47:50 AM,26.75,45.32,885.25,703.24,5.50,14.00,30.00,40.00

2024_07_10 - 06:48:50 AM,26.73,45.28,885.24,702.13,5.46,14.00,20.00,30.00

2024_07_10 - 06:49:50 AM,26.74,45.28,885.23,704.70,5.51,14.00,24.00,34.00

2024_07_10 - 06:50:50 AM,26.82,45.14,885.23,705.59,5.43,14.00,30.00,42.00

2024_07_10 - 06:51:51 AM,26.78,44.98,885.23,709.83,5.44,14.00,24.00,34.00

2024_07_10 - 06:52:51 AM,26.74,45.21,885.24,703.14,5.40,10.00,20.00,30.00

2024_07_10 - 06:53:51 AM,26.74,45.14,885.25,705.68,5.47,12.00,32.00,50.00

2024_07_10 - 06:54:52 AM,26.75,45.06,885.24,709.20,5.36,14.00,26.00,36.00

2024_07_10 - 06:55:52 AM,26.73,45.17,885.21,709.86,5.35,16.00,26.00,36.00

2024_07_10 - 06:56:52 AM,26.73,45.17,885.25,709.86,5.22,16.00,30.00,40.00

2024_07_10 - 06:57:52 AM,26.86,44.76,885.21,708.28,5.22,14.00,30.00,40.00

2024_07_10 - 06:58:53 AM,26.73,45.03,885.19,706.88,5.29,12.00,24.00,34.00

2024_07_10 - 06:59:53 AM,26.84,44.84,885.23,714.41,5.21,20.00,28.00,38.00

2024_07_10 - 07:00:53 AM,26.78,44.85,885.24,722.39,5.22,10.00,18.00,28.00

2024_07_10 - 07:01:54 AM,26.81,44.69,885.20,721.61,5.14,12.00,28.00,38.00

2024_07_10 - 07:02:54 AM,26.91,44.47,885.22,720.56,5.16,14.00,26.00,36.00

2024_07_10 - 07:03:54 AM,26.88,44.47,885.21,722.97,5.19,6.00,16.00,26.00

2024_07_10 - 07:04:54 AM,26.86,44.48,885.21,721.81,5.13,14.00,22.00,32.00

2024_07_10 - 07:05:55 AM,26.84,44.43,885.18,721.81,5.05,12.00,28.00,38.00

2024_07_10 - 07:06:55 AM,26.84,44.43,885.22,721.81,5.04,10.00,18.00,30.00

2024_07_10 - 07:07:55 AM,26.92,44.23,885.16,715.77,5.02,18.00,28.00,38.00

2024_07_10 - 07:08:56 AM,26.84,44.26,885.19,717.19,5.07,14.00,24.00,34.00

2024_07_10 - 07:09:56 AM,26.92,44.15,885.21,715.29,5.07,14.00,28.00,40.00

2024_07_10 - 07:10:56 AM,26.82,44.26,885.19,716.87,4.95,14.00,30.00,40.00

2024_07_10 - 07:11:56 AM,26.86,44.27,885.17,714.91,5.01,18.00,28.00,38.00

2024_07_10 - 07:12:57 AM,26.82,44.28,885.19,716.05,5.29,16.00,24.00,34.00

2024_07_10 - 07:13:57 AM,26.88,44.23,885.19,717.40,5.50,14.00,24.00,34.00

2024_07_10 - 07:14:57 AM,26.79,44.27,885.16,717.56,5.74,18.00,36.00,46.00

2024_07_10 - 07:15:58 AM,26.78,44.29,885.18,715.87,5.87,6.00,22.00,32.00

2024_07_10 - 07:16:58 AM,26.74,44.34,885.18,716.32,6.02,10.00,24.00,40.00

2024_07_10 - 07:17:58 AM,26.74,44.34,885.15,716.32,6.22,14.00,24.00,34.00

2024_07_10 - 07:18:58 AM,26.64,44.51,885.16,714.86,6.28,14.00,24.00,34.00

2024_07_10 - 07:19:59 AM,26.61,44.46,885.16,713.75,6.38,10.00,20.00,30.00

2024_07_10 - 07:20:59 AM,26.57,44.69,885.17,711.30,6.47,8.00,22.00,32.00

2024_07_10 - 07:21:59 AM,26.62,44.47,885.15,710.13,6.52,16.00,34.00,44.00

2024_07_10 - 07:23:00 AM,26.61,44.46,885.15,710.46,6.45,8.00,18.00,28.00

2024_07_10 - 07:24:00 AM,26.58,44.34,885.15,708.67,6.54,16.00,24.00,34.00

2024_07_10 - 07:25:00 AM,26.61,44.38,885.12,708.57,6.44,14.00,24.00,34.00

2024_07_10 - 07:26:00 AM,26.52,44.43,885.10,708.05,6.34,14.00,26.00,36.00

2024_07_10 - 07:27:01 AM,26.51,44.48,885.11,708.27,6.40,14.00,28.00,38.00

2024_07_10 - 07:28:01 AM,26.51,44.48,885.14,708.27,6.37,14.00,30.00,40.00

2024_07_10 - 07:29:01 AM,26.54,44.46,885.15,713.69,6.34,20.00,30.00,40.00

2024_07_10 - 07:30:02 AM,26.47,44.45,885.13,714.20,6.35,16.00,24.00,34.00

2024_07_10 - 07:31:02 AM,26.48,44.45,885.15,714.82,6.27,16.00,28.00,38.00

2024_07_10 - 07:32:02 AM,26.55,44.16,885.10,720.23,6.36,8.00,20.00,30.00

2024_07_10 - 07:33:02 AM,26.47,44.39,885.12,725.90,6.20,12.00,20.00,30.00

2024_07_10 - 07:34:03 AM,26.67,43.89,885.12,724.52,6.12,8.00,18.00,30.00

2024_07_10 - 07:35:03 AM,26.61,43.91,885.12,714.26,6.03,16.00,24.00,36.00

2024_07_10 - 07:36:03 AM,26.62,43.93,885.11,716.75,6.01,16.00,30.00,40.00

2024_07_10 - 07:37:04 AM,26.73,43.68,885.08,719.62,5.77,10.00,22.00,32.00

2024_07_10 - 07:39:04 AM,26.71,43.71,885.11,713.00,5.77,12.00,26.00,36.00

2024_07_10 - 07:40:04 AM,26.77,43.51,885.11,712.19,5.64,10.00,22.00,32.00

2024_07_10 - 07:41:05 AM,26.84,43.35,885.09,705.89,5.54,12.00,24.00,34.00

2024_07_10 - 07:42:05 AM,26.85,43.12,885.08,699.59,5.51,10.00,16.00,38.00

2024_07_10 - 07:43:05 AM,26.94,43.10,885.06,701.87,5.52,10.00,22.00,32.00

2024_07_10 - 07:44:06 AM,26.84,43.19,885.10,700.51,5.62,12.00,24.00,34.00

2024_07_10 - 07:45:06 AM,26.85,43.08,885.07,701.64,5.63,12.00,24.00,34.00

2024_07_10 - 07:46:06 AM,26.77,43.28,885.12,702.63,5.69,14.00,30.00,40.00

2024_07_10 - 07:47:06 AM,26.78,43.21,885.09,703.78,5.69,12.00,22.00,32.00

2024_07_10 - 07:48:07 AM,26.78,43.19,885.06,702.04,5.82,16.00,24.00,34.00

2024_07_10 - 07:49:07 AM,26.78,43.19,885.13,702.04,6.77,12.00,20.00,30.00

2024_07_10 - 07:50:07 AM,26.82,43.13,885.05,699.71,7.75,14.00,24.00,34.00

2024_07_10 - 07:51:08 AM,26.85,43.16,885.08,699.38,8.67,14.00,24.00,34.00

2024_07_10 - 07:52:08 AM,26.85,43.12,885.12,698.80,9.38,10.00,28.00,38.00

2024_07_10 - 07:53:08 AM,26.82,43.21,885.05,698.83,10.00,14.00,30.00,40.00

2024_07_10 - 07:54:08 AM,26.78,43.15,885.06,698.72,10.45,14.00,26.00,38.00

2024_07_10 - 07:55:09 AM,26.81,43.11,885.11,700.72,10.85,16.00,30.00,40.00

2024_07_10 - 07:56:09 AM,26.77,43.12,885.06,702.10,11.18,12.00,22.00,32.00

2024_07_10 - 07:57:09 AM,26.88,43.03,885.11,704.99,11.32,12.00,22.00,32.00

2024_07_10 - 07:58:10 AM,26.73,43.22,885.06,710.00,11.37,12.00,24.00,34.00

2024_07_10 - 07:59:10 AM,26.73,43.22,885.02,710.00,11.51,8.00,24.00,34.00

2024_07_10 - 08:00:10 AM,26.89,42.97,885.10,709.10,11.47,18.00,36.00,54.00

2024_07_10 - 08:01:10 AM,26.86,42.86,885.03,712.52,11.30,12.00,28.00,38.00

2024_07_10 - 08:02:11 AM,26.96,42.96,885.03,711.63,11.30,8.00,24.00,36.00

2024_07_10 - 08:03:11 AM,27.09,42.59,885.08,712.47,10.95,18.00,30.00,42.00

2024_07_10 - 08:04:11 AM,26.98,42.83,885.03,713.07,10.95,12.00,30.00,40.00

2024_07_10 - 08:05:12 AM,26.92,43.12,885.01,717.07,10.82,16.00,22.00,32.00

2024_07_10 - 08:06:12 AM,26.98,42.99,885.00,719.91,10.64,16.00,28.00,40.00

2024_07_10 - 08:07:12 AM,26.96,43.03,884.99,720.64,10.38,10.00,30.00,40.00

2024_07_10 - 08:08:12 AM,26.96,42.94,885.03,719.60,10.41,10.00,18.00,28.00

2024_07_10 - 08:09:13 AM,26.92,42.93,885.01,719.66,10.10,18.00,34.00,44.00

2024_07_10 - 08:10:13 AM,26.92,42.93,885.04,719.66,9.73,10.00,20.00,30.00

2024_07_10 - 08:11:13 AM,26.91,42.83,885.04,722.42,9.62,12.00,24.00,34.00

2024_07_10 - 08:12:13 AM,26.92,42.75,885.02,724.70,9.49,20.00,30.00,40.00

2024_07_10 - 08:13:14 AM,26.94,42.91,885.05,723.20,9.27,12.00,24.00,34.00

2024_07_10 - 08:14:14 AM,26.92,42.72,885.01,725.51,9.19,10.00,18.00,30.00

2024_07_10 - 08:15:14 AM,27.02,42.60,885.08,726.59,9.05,18.00,34.00,62.00

2024_07_10 - 08:16:15 AM,26.92,42.73,885.06,723.69,8.96,12.00,22.00,32.00

2024_07_10 - 08:17:15 AM,26.89,42.72,885.05,726.27,8.78,14.00,22.00,32.00

2024_07_10 - 08:18:15 AM,26.88,42.83,885.03,726.60,8.61,16.00,32.00,42.00

2024_07_10 - 08:19:16 AM,27.01,42.46,885.09,727.77,8.34,18.00,30.00,40.00

2024_07_10 - 08:20:16 AM,27.01,42.46,885.09,727.77,8.19,14.00,26.00,36.00

2024_07_10 - 08:21:16 AM,27.03,42.34,885.08,725.87,8.08,16.00,26.00,38.00

2024_07_10 - 08:22:16 AM,26.98,42.72,885.10,729.62,7.86,12.00,24.00,34.00

2024_07_10 - 08:23:15 AM,26.95,42.59,885.06,732.78,7.83,12.00,22.00,34.00

2024_07_10 - 08:24:17 AM,26.94,42.58,885.10,731.60,7.69,16.00,24.00,40.00

2024_07_10 - 08:25:17 AM,26.96,42.48,885.09,730.51,7.62,10.00,22.00,32.00

2024_07_10 - 08:26:17 AM,26.84,42.68,885.07,730.37,7.50,12.00,26.00,36.00

2024_07_10 - 08:27:18 AM,26.88,42.52,885.08,730.65,7.38,14.00,22.00,32.00

2024_07_10 - 08:28:18 AM,26.84,42.50,885.15,731.42,7.13,18.00,32.00,42.00

2024_07_10 - 08:29:18 AM,26.89,42.45,885.14,732.26,7.09,14.00,28.00,38.00

2024_07_10 - 08:30:19 AM,26.92,42.30,885.12,738.26,6.91,10.00,20.00,30.00

2024_07_10 - 08:31:19 AM,26.92,42.30,885.12,738.26,6.83,16.00,30.00,42.00

2024_07_10 - 08:32:19 AM,26.86,42.52,885.14,744.22,6.66,14.00,24.00,34.00

2024_07_10 - 08:33:19 AM,26.78,42.63,885.12,741.96,6.60,16.00,36.00,46.00

2024_07_10 - 08:34:20 AM,26.85,42.55,885.15,752.38,6.47,10.00,22.00,34.00

2024_07_10 - 08:35:20 AM,26.84,42.60,885.15,764.08,6.41,8.00,24.00,34.00

2024_07_10 - 08:36:20 AM,26.75,42.68,885.16,757.75,6.30,16.00,26.00,38.00

2024_07_10 - 08:37:21 AM,26.77,42.62,885.16,757.15,6.25,12.00,22.00,32.00

2024_07_10 - 08:38:21 AM,26.85,42.51,885.19,759.61,6.18,10.00,18.00,30.00

2024_07_10 - 08:39:21 AM,26.91,42.49,885.16,763.16,6.02,8.00,24.00,34.00

2024_07_10 - 08:40:21 AM,26.82,42.40,885.16,766.36,5.84,8.00,20.00,30.00

2024_07_10 - 08:41:22 AM,26.82,42.40,885.16,766.36,5.77,10.00,24.00,34.00

2024_07_10 - 08:42:22 AM,26.77,42.64,885.13,768.48,5.66,14.00,26.00,38.00

2024_07_10 - 08:43:22 AM,26.79,42.59,885.18,769.24,5.53,14.00,32.00,42.00

2024_07_10 - 08:44:23 AM,26.78,42.47,885.16,769.42,5.49,12.00,22.00,34.00

2024_07_10 - 08:45:23 AM,26.85,42.29,885.16,771.26,5.38,22.00,30.00,40.00

2024_07_10 - 08:46:23 AM,26.94,42.16,885.15,774.12,5.25,12.00,26.00,38.00

2024_07_10 - 08:47:23 AM,26.92,42.18,885.14,776.52,5.13,16.00,28.00,38.00

2024_07_10 - 08:48:24 AM,26.88,42.21,885.16,777.93,5.11,20.00,30.00,40.00

2024_07_10 - 08:49:24 AM,26.86,42.17,885.13,780.83,5.04,14.00,24.00,36.00

2024_07_10 - 08:50:24 AM,26.86,42.17,885.12,779.16,4.93,12.00,20.00,30.00

2024_07_10 - 08:51:25 AM,26.91,42.02,885.14,771.16,4.81,12.00,26.00,38.00

2024_07_10 - 08:52:25 AM,26.91,42.02,885.14,771.16,4.65,14.00,26.00,36.00

2024_07_10 - 08:53:25 AM,26.89,42.07,885.15,778.05,4.60,10.00,24.00,36.00

2024_07_10 - 08:54:25 AM,26.98,41.88,885.15,776.86,4.52,10.00,24.00,34.00

2024_07_10 - 08:55:26 AM,26.88,42.09,885.14,774.08,4.51,16.00,34.00,44.00

2024_07_10 - 08:56:26 AM,26.88,42.02,885.14,776.40,4.51,20.00,30.00,40.00

2024_07_10 - 08:57:26 AM,26.91,42.05,885.14,772.88,4.29,8.00,24.00,34.00

2024_07_10 - 08:58:27 AM,26.96,41.85,885.12,773.58,4.28,10.00,24.00,34.00

2024_07_10 - 08:59:27 AM,26.85,42.12,885.09,776.86,4.23,14.00,24.00,34.00

2024_07_10 - 09:00:27 AM,26.88,41.99,885.11,780.64,4.18,12.00,20.00,30.00

2024_07_10 - 09:01:27 AM,26.98,41.82,885.09,781.86,4.04,12.00,28.00,38.00

2024_07_10 - 09:02:28 AM,26.98,41.82,885.10,781.86,4.01,14.00,24.00,36.00

2024_07_10 - 09:03:28 AM,26.95,41.85,885.12,775.90,3.92,14.00,24.00,34.00

2024_07_10 - 09:04:28 AM,26.94,41.77,885.12,777.17,3.82,12.00,22.00,32.00

2024_07_10 - 09:05:29 AM,26.98,41.85,885.10,780.37,3.75,12.00,20.00,30.00

2024_07_10 - 09:06:29 AM,27.05,41.55,885.10,781.10,3.63,10.00,16.00,28.00

2024_07_10 - 09:07:29 AM,27.06,41.51,885.11,783.51,3.67,16.00,30.00,40.00

2024_07_10 - 09:08:29 AM,26.98,41.75,885.08,779.53,3.56,16.00,26.00,36.00

2024_07_10 - 09:09:30 AM,27.01,41.69,885.07,780.31,3.49,14.00,40.00,50.00

2024_07_10 - 09:10:30 AM,26.98,41.66,885.08,775.91,3.42,16.00,32.00,42.00

2024_07_10 - 09:11:30 AM,26.99,41.63,885.08,774.72,3.36,22.00,34.00,44.00

2024_07_10 - 09:12:31 AM,26.98,41.63,885.08,774.79,3.32,10.00,20.00,30.00

2024_07_10 - 09:13:31 AM,26.98,41.63,885.05,774.79,3.22,10.00,20.00,30.00

2024_07_10 - 09:14:31 AM,26.98,41.64,885.08,773.27,3.18,14.00,24.00,36.00

2024_07_10 - 09:15:31 AM,27.03,41.56,885.05,772.31,3.08,16.00,34.00,44.00

2024_07_10 - 09:16:32 AM,27.03,41.58,885.07,775.48,3.03,22.00,34.00,44.00

2024_07_10 - 09:17:32 AM,27.10,41.58,885.08,777.57,3.01,12.00,28.00,38.00

2024_07_10 - 09:18:32 AM,27.06,41.48,885.09,780.94,2.90,14.00,24.00,34.00

2024_07_10 - 09:19:33 AM,27.07,41.79,885.12,779.95,2.87,12.00,26.00,36.00

2024_07_10 - 09:20:33 AM,26.99,41.70,885.10,786.35,2.82,16.00,32.00,42.00

2024_07_10 - 09:21:33 AM,27.03,41.69,885.13,788.85,2.79,16.00,28.00,38.00

2024_07_10 - 09:22:33 AM,27.02,41.62,885.12,793.44,2.73,16.00,26.00,36.00

2024_07_10 - 09:23:34 AM,27.02,41.62,885.12,793.44,2.73,10.00,18.00,28.00

2024_07_10 - 09:24:34 AM,27.06,41.56,885.11,791.96,2.66,16.00,28.00,38.00

2024_07_10 - 09:25:34 AM,27.01,41.65,885.13,792.03,2.64,12.00,30.00,40.00

2024_07_10 - 09:26:35 AM,27.05,41.67,885.13,784.31,2.58,14.00,36.00,46.00

2024_07_10 - 09:27:35 AM,27.50,40.85,885.14,781.80,2.53,18.00,26.00,36.00

2024_07_10 - 09:28:35 AM,27.47,40.79,885.13,786.64,2.49,12.00,24.00,34.00

2024_07_10 - 09:29:35 AM,27.69,40.45,885.12,789.70,2.49,10.00,24.00,34.00

2024_07_10 - 09:30:36 AM,27.81,40.05,885.14,789.45,2.45,14.00,28.00,38.00

2024_07_10 - 09:31:36 AM,27.88,39.90,885.12,788.75,2.41,18.00,28.00,38.00

2024_07_10 - 09:32:36 AM,27.46,40.91,885.09,786.61,2.41,10.00,26.00,36.00

2024_07_10 - 09:33:37 AM,27.39,41.17,885.12,788.46,2.42,10.00,22.00,32.00

2024_07_10 - 09:34:37 AM,27.39,41.17,885.10,788.46,2.42,12.00,20.00,30.00

2024_07_10 - 09:35:37 AM,27.25,41.39,885.10,786.77,2.42,20.00,32.00,42.00

2024_07_10 - 09:36:37 AM,27.22,41.53,885.12,791.50,2.42,18.00,38.00,48.00

2024_07_10 - 09:37:38 AM,27.23,41.47,885.15,794.35,2.38,14.00,26.00,36.00

2024_07_10 - 09:38:37 AM,27.16,41.67,885.12,792.35,2.32,10.00,20.00,30.00

2024_07_10 - 09:39:38 AM,27.28,41.58,885.14,784.19,2.37,12.00,22.00,40.00

2024_07_10 - 09:40:39 AM,27.32,41.54,885.16,781.36,2.33,12.00,20.00,32.00

2024_07_10 - 09:41:39 AM,27.22,41.69,885.13,781.74,2.32,10.00,18.00,30.00

2024_07_10 - 09:42:39 AM,27.20,41.61,885.17,780.76,2.34,18.00,30.00,42.00

2024_07_10 - 09:43:39 AM,27.14,41.59,885.14,782.11,2.30,18.00,36.00,46.00

2024_07_10 - 09:44:40 AM,27.14,41.59,885.12,782.11,2.33,12.00,22.00,32.00

2024_07_10 - 09:45:40 AM,27.20,41.59,885.15,783.46,2.31,10.00,24.00,34.00

2024_07_10 - 09:46:40 AM,27.33,41.22,885.21,783.03,2.29,14.00,24.00,34.00

2024_07_10 - 09:47:41 AM,27.25,41.43,885.15,782.62,2.28,14.00,22.00,34.00

2024_07_10 - 09:48:41 AM,27.22,41.35,885.19,780.46,2.31,16.00,34.00,44.00

2024_07_10 - 09:49:41 AM,27.28,41.18,885.19,780.40,2.29,18.00,26.00,36.00

2024_07_10 - 09:50:41 AM,27.26,41.36,885.16,777.86,2.31,12.00,24.00,36.00

2024_07_10 - 09:51:42 AM,27.22,41.47,885.17,773.11,2.26,10.00,22.00,32.00

2024_07_10 - 09:52:42 AM,27.14,41.71,885.17,774.34,2.27,20.00,38.00,56.00

2024_07_10 - 09:53:42 AM,27.25,41.37,885.16,769.09,2.26,18.00,26.00,38.00

2024_07_10 - 09:54:43 AM,27.25,41.37,885.18,769.09,2.26,14.00,24.00,34.00

2024_07_10 - 09:55:43 AM,27.51,40.95,885.18,765.74,2.25,14.00,30.00,42.00

2024_07_10 - 09:56:43 AM,27.41,41.00,885.19,759.60,2.24,16.00,24.00,34.00

2024_07_10 - 09:57:43 AM,27.25,41.76,885.21,760.47,2.22,18.00,40.00,54.00

2024_07_10 - 09:58:44 AM,27.29,41.57,885.18,753.83,2.22,14.00,22.00,32.00

2024_07_10 - 09:59:44 AM,27.33,41.45,885.19,749.17,2.22,22.00,40.00,50.00

2024_07_10 - 10:00:44 AM,27.22,41.83,885.18,750.65,2.21,8.00,18.00,28.00

2024_07_10 - 10:01:45 AM,27.41,41.53,885.18,754.29,2.16,18.00,32.00,42.00

2024_07_10 - 10:02:45 AM,27.23,41.82,885.18,751.49,2.19,20.00,38.00,48.00

2024_07_10 - 10:05:46 AM,27.56,41.35,885.19,767.40,2.17,10.00,18.00,28.00
2024_07_10 - 10:06:46 AM,27.56,41.08,885.14,778.77,2.22,16.00,32.00,42.00
2024_07_10 - 10:07:46 AM,27.65,41.45,885.14,783.04,2.19,10.00,22.00,44.00
2024_07_10 - 10:08:47 AM,27.64,40.98,885.18,789.25,2.19,20.00,34.00,44.00
2024_07_10 - 10:09:47 AM,27.61,40.67,885.15,779.42,2.23,14.00,32.00,42.00
2024_07_10 - 10:10:47 AM,27.60,40.86,885.14,773.32,2.29,14.00,28.00,38.00
2024_07_10 - 10:11:47 AM,27.58,40.71,885.16,767.90,2.31,16.00,32.00,42.00
2024_07_10 - 10:12:48 AM,27.54,40.63,885.10,765.90,2.30,14.00,34.00,44.00
2024_07_10 - 10:13:48 AM,27.65,40.51,885.13,762.72,2.30,24.00,34.00,44.00
2024_07_10 - 10:14:48 AM,27.61,40.55,885.13,762.32,2.33,14.00,24.00,34.00
2024_07_10 - 10:15:49 AM,27.61,40.55,885.09,762.32,2.33,16.00,30.00,40.00
2024_07_10 - 10:16:49 AM,27.54,40.72,885.11,758.16,5.31,18.00,32.00,42.00
2024_07_10 - 10:17:49 AM,27.51,40.75,885.10,757.32,8.67,20.00,36.00,46.00
2024_07_10 - 10:18:49 AM,27.40,40.61,885.14,751.73,11.38,20.00,36.00,46.00
2024_07_10 - 10:19:50 AM,27.43,40.36,885.08,742.56,12.98,22.00,42.00,52.00
2024_07_10 - 10:20:50 AM,27.41,40.13,885.10,724.18,13.75,14.00,30.00,40.00
2024_07_10 - 10:21:50 AM,27.36,40.23,885.07,669.79,14.41,18.00,34.00,44.00
2024_07_10 - 10:22:51 AM,27.32,40.26,885.05,596.91,15.18,22.00,32.00,44.00
2024_07_10 - 10:23:51 AM,27.30,40.21,885.07,603.46,15.41,20.00,36.00,48.00
2024_07_10 - 10:24:51 AM,27.25,40.27,885.05,607.78,15.95,16.00,34.00,46.00
2024_07_10 - 10:25:51 AM,27.28,40.08,885.06,610.27,15.75,18.00,44.00,54.00
2024_07_10 - 10:26:52 AM,27.28,40.08,885.03,610.27,15.48,18.00,32.00,42.00
2024_07_10 - 10:27:52 AM,27.22,40.16,885.07,610.10,15.35,12.00,28.00,40.00
2024_07_10 - 10:28:52 AM,27.19,40.27,885.04,603.11,15.00,24.00,42.00,54.00
2024_07_10 - 10:29:53 AM,27.23,40.34,885.04,605.28,14.95,22.00,38.00,48.00
2024_07_10 - 10:30:53 AM,27.25,40.32,885.03,603.99,14.44,20.00,34.00,44.00
2024_07_10 - 10:31:53 AM,27.41,40.22,885.07,607.72,13.94,16.00,26.00,36.00
2024_07_10 - 10:32:53 AM,27.43,40.64,885.05,613.08,13.27,24.00,44.00,54.00
2024_07_10 - 10:33:54 AM,27.36,40.34,885.08,610.46,13.16,16.00,40.00,50.00
2024_07_10 - 10:34:54 AM,27.32,40.25,885.04,612.64,12.93,20.00,40.00,50.00
2024_07_10 - 10:35:54 AM,27.32,40.29,885.04,613.77,12.49,24.00,34.00,44.00
2024_07_10 - 10:36:55 AM,27.32,40.29,885.07,613.77,12.45,16.00,32.00,44.00
2024_07_10 - 10:37:55 AM,27.29,40.55,885.04,618.20,11.82,20.00,34.00,44.00
2024_07_10 - 10:38:55 AM,27.29,40.55,885.04,618.20,11.82,20.00,34.00,44.00
2024_07_10 - 10:39:54 AM,27.29,40.12,885.00,627.15,10.70,20.00,34.00,44.00
2024_07_10 - 10:40:54 AM,27.29,40.12,885.00,627.15,10.70,20.00,34.00,44.00
2024_07_10 - 10:41:56 AM,27.53,40.37,885.03,621.90,9.29,22.00,38.00,48.00
2024_07_10 - 10:42:56 AM,27.33,39.91,885.01,611.80,8.92,18.00,44.00,54.00
2024_07_10 - 10:43:57 AM,27.33,39.98,885.01,602.48,8.30,20.00,46.00,56.00
2024_07_10 - 10:44:57 AM,27.34,40.06,885.03,601.59,7.74,26.00,36.00,48.00
2024_07_10 - 10:45:57 AM,27.32,40.50,885.04,611.25,7.62,20.00,38.00,48.00
2024_07_10 - 10:46:57 AM,27.30,40.13,885.01,612.56,6.90,20.00,36.00,48.00
2024_07_10 - 10:47:58 AM,27.30,40.13,885.03,612.56,6.42,16.00,26.00,36.00
2024_07_10 - 10:48:58 AM,27.29,40.14,885.02,606.32,6.13,24.00,46.00,58.00
2024_07_10 - 10:49:58 AM,27.32,40.27,885.01,609.89,5.73,14.00,32.00,42.00
2024_07_10 - 10:50:59 AM,27.36,40.06,884.98,605.64,5.49,22.00,36.00,48.00
2024_07_10 - 10:51:59 AM,27.41,40.28,884.98,603.16,5.14,16.00,36.00,46.00
